AREA,AREA_TITLE,AREA_TYPE,PRIM_STATE,NAICS,NAICS_TITLE,I_GROUP,OWN_CODE,OCC_CODE,OCC_TITLE,O_GROUP,TOT_EMP,EMP_PRSE,JOBS_1000,LOC_QUOTIENT,PCT_TOTAL,PCT_RPT,H_MEAN,A_MEAN,MEAN_PRSE,H_PCT10,H_PCT25,H_MEDIAN,H_PCT75,H_PCT90,A_PCT10,A_PCT25,A_MEDIAN,A_PCT75,A_PCT90,ANNUAL,HOURLY
01,Alabama,2,AL,000000,Cross-industry,cross-industry,1235,15-1211,Computer Systems Analysts,detailed,"6,830",7.1,3.268,1.01,,,54.06,"112,430",2.6,31.58,39.01,49.87,63.79,79.56,"65,690","81,130","103,730","132,670","165,490",,
02,Alaska,2,AK,000000,Cross-industry,cross-industry,1235,15-1211,Computer Systems Analysts,detailed,490,12.4,1.524,0.47,,,44.13,"91,780",3.2,28.17,36.52,40.77,51.40,61.66,"58,600","75,960","84,800","106,900","128,250",,
04,Arizona,2,AZ,000000,Cross-industry,cross-industry,1235,15-1211,Computer Systems Analysts,detailed,"10,010",8.2,3.130,0.97,,,51.41,"106,930",3.7,29.96,38.71,48.91,62.22,78.52,"62,320","80,510","101,730","129,420","163,320",,
05,Arkansas,2,AR,000000,Cross-industry,cross-industry,1235,15-1211,Computer Systems Analysts,detailed,"3,600",16.8,2.791,0.86,,,33.80,"70,300",2.2,13.78,20.55,34.88,43.87,50.94,"28,660","42,750","72,540","91,250","105,950",,
06,California,2,CA,000000,Cross-industry,cross-industry,1235,15-1211,Computer Systems Analysts,detailed,"55,460",3.7,3.071,0.95,,,63.91,"132,940",0.9,37.54,47.99,61.37,77.31,94.65,"78,070","99,810","127,660","160,800","196,870",,
09,Connecticut,2,CT,000000,Cross-industry,cross-industry,1235,15-1211,Computer Systems Analysts,detailed,"6,050",4.1,3.599,1.11,,,52.41,"109,000",1.5,32.83,41.25,50.89,62.21,73.44,"68,290","85,800","105,860","129,400","152,760",,
10,Delaware,2,DE,000000,Cross-industry,cross-industry,1235,15-1211,Computer Systems Analysts,detailed,"2,940",6.3,6.174,1.91,,,53.19,"110,640",3.4,28.84,38.08,50.04,65.03,78.01,"59,990","79,200","104,070","135,250","162,250",,
11,District of Columbia,2,DC,000000,Cross-industry,cross-industry,1235,15-1211,Computer Systems Analysts,detailed,"1,590",17.0,2.239,0.69,,,59.48,"123,720",5.0,41.53,45.47,54.86,69.29,77.71,"86,390","94,580","114,110","144,120","161,640",,
12,Florida,2,FL,000000,Cross-industry,cross-industry,1235,15-1211,Computer Systems Analysts,detailed,"35,660",4.4,3.631,1.12,,,51.27,"106,640",1.2,29.31,37.68,48.45,62.31,76.00,"60,970","78,370","100,770","129,590","158,080",,
13,Georgia,2,GA,000000,Cross-industry,cross-industry,1235,15-1211,Computer Systems Analysts,detailed,"12,200",3.4,2.512,0.78,,,51.26,"106,610",1.3,29.13,38.50,49.70,62.31,76.67,"60,580","80,090","103,380","129,610","159,470",,
15,Hawaii,2,HI,000000,Cross-industry,cross-industry,1235,15-1211,Computer Systems Analysts,detailed,"1,860",10.3,3.000,0.93,,,44.33,"92,210",3.8,29.00,33.86,41.68,50.72,60.65,"60,320","70,430","86,700","105,510","126,160",,
16,Idaho,2,ID,000000,Cross-industry,cross-industry,1235,15-1211,Computer Systems Analysts,detailed,"2,230",16.5,2.643,0.82,,,36.55,"76,030",12.9,14.00,24.22,33.08,47.16,64.02,"29,130","50,370","68,810","98,090","133,160",,
17,Illinois,2,IL,000000,Cross-industry,cross-industry,1235,15-1211,Computer Systems Analysts,detailed,"22,350",9.3,3.685,1.14,,,46.42,"96,560",3.7,25.00,31.64,46.12,59.47,66.14,"52,000","65,800","95,920","123,700","137,580",,
18,Indiana,2,IN,000000,Cross-industry,cross-industry,1235,15-1211,Computer Systems Analysts,detailed,"9,540",5.1,2.994,0.93,,,48.55,"100,990",3.5,29.51,36.73,46.38,57.74,66.30,"61,380","76,390","96,470","120,110","137,900",,
19,Iowa,2,IA,000000,Cross-industry,cross-industry,1235,15-1211,Computer Systems Analysts,detailed,"4,490",7.7,2.874,0.89,,,44.87,"93,330",1.3,29.40,35.74,44.07,51.39,61.55,"61,150","74,340","91,670","106,890","128,030",,
20,Kansas,2,KS,000000,Cross-industry,cross-industry,1235,15-1211,Computer Systems Analysts,detailed,"4,090",6.5,2.857,0.88,,,49.14,"102,220",2.8,29.38,36.45,46.78,62.21,75.19,"61,120","75,810","97,300","129,390","156,400",,
21,Kentucky,2,KY,000000,Cross-industry,cross-industry,1235,15-1211,Computer Systems Analysts,detailed,"4,700",11.8,2.355,0.73,,,42.84,"89,100",5.5,21.74,28.92,39.07,51.00,72.77,"45,220","60,150","81,270","106,080","151,360",,
22,Louisiana,2,LA,000000,Cross-industry,cross-industry,1235,15-1211,Computer Systems Analysts,detailed,"2,510",9.4,1.313,0.41,,,45.92,"95,520",6.3,26.84,33.18,43.18,54.08,75.59,"55,820","69,010","89,800","112,480","157,220",,
23,Maine,2,ME,000000,Cross-industry,cross-industry,1235,15-1211,Computer Systems Analysts,detailed,"2,600",7.7,4.093,1.27,,,50.19,"104,400",3.3,30.80,37.10,47.43,59.89,85.83,"64,060","77,170","98,660","124,570","178,530",,
24,Maryland,2,MD,000000,Cross-industry,cross-industry,1235,15-1211,Computer Systems Analysts,detailed,"15,090",6.0,5.495,1.70,,,55.30,"115,010",2.3,32.01,40.29,49.62,68.04,81.15,"66,580","83,810","103,200","141,530","168,800",,
25,Massachusetts,2,MA,000000,Cross-industry,cross-industry,1235,15-1211,Computer Systems Analysts,detailed,"16,650",5.1,4.572,1.42,,,60.67,"126,190",2.0,37.96,47.14,58.45,71.95,82.53,"78,960","98,050","121,580","149,660","171,650",,
26,Michigan,2,MI,000000,Cross-industry,cross-industry,1235,15-1211,Computer Systems Analysts,detailed,"14,990",4.7,3.415,1.06,,,49.24,"102,420",1.1,30.67,38.45,48.19,58.73,64.05,"63,790","79,980","100,240","122,160","133,230",,
27,Minnesota,2,MN,000000,Cross-industry,cross-industry,1235,15-1211,Computer Systems Analysts,detailed,"10,580",2.6,3.622,1.12,,,53.53,"111,350",0.6,35.49,41.61,51.32,63.97,76.61,"73,810","86,550","106,740","133,050","159,350",,
28,Mississippi,2,MS,000000,Cross-industry,cross-industry,1235,15-1211,Computer Systems Analysts,detailed,"2,040",24.6,1.755,0.54,,,40.71,"84,670",3.0,22.76,30.30,39.84,46.88,59.52,"47,350","63,020","82,870","97,510","123,800",,
29,Missouri,2,MO,000000,Cross-industry,cross-industry,1235,15-1211,Computer Systems Analysts,detailed,"7,140",6.5,2.447,0.76,,,45.52,"94,680",2.7,23.01,30.87,44.59,58.30,67.36,"47,860","64,210","92,740","121,270","140,100",,
30,Montana,2,MT,000000,Cross-industry,cross-industry,1235,15-1211,Computer Systems Analysts,detailed,860,20.4,1.696,0.53,,,48.48,"100,840",9.4,28.89,35.07,42.82,52.61,81.00,"60,090","72,940","89,060","109,440","168,480",,
31,Nebraska,2,NE,000000,Cross-industry,cross-industry,1235,15-1211,Computer Systems Analysts,detailed,"2,250",11.3,2.211,0.68,,,45.64,"94,930",1.6,28.97,35.89,44.27,54.95,64.18,"60,250","74,660","92,090","114,290","133,500",,
32,Nevada,2,NV,000000,Cross-industry,cross-industry,1235,15-1211,Computer Systems Analysts,detailed,"2,500",11.5,1.635,0.51,,,48.54,"100,960",2.8,29.30,37.61,48.95,55.70,63.32,"60,930","78,230","101,810","115,850","131,700",,
33,New Hampshire,2,NH,000000,Cross-industry,cross-industry,1235,15-1211,Computer Systems Analysts,detailed,"2,390",23.1,3.499,1.08,,,52.69,"109,600",2.2,35.34,41.53,48.41,60.85,76.09,"73,510","86,380","100,700","126,580","158,260",,
34,New Jersey,2,NJ,000000,Cross-industry,cross-industry,1235,15-1211,Computer Systems Analysts,detailed,"17,290",6.0,4.067,1.26,,,59.93,"124,650",3.7,34.04,44.32,59.44,77.62,83.33,"70,790","92,190","123,640","161,450","173,320",,
35,New Mexico,2,NM,000000,Cross-industry,cross-industry,1235,15-1211,Computer Systems Analysts,detailed,"2,500",9.4,2.905,0.90,,,46.50,"96,720",3.2,27.62,36.06,45.46,51.95,64.74,"57,450","75,010","94,570","108,060","134,670",,
36,New York,2,NY,000000,Cross-industry,cross-industry,1235,15-1211,Computer Systems Analysts,detailed,"20,950",7.8,2.196,0.68,,,55.41,"115,250",3.7,30.60,39.28,50.77,66.12,81.98,"63,650","81,690","105,610","137,540","170,510",,
37,North Carolina,2,NC,000000,Cross-industry,cross-industry,1235,15-1211,Computer Systems Analysts,detailed,"25,350",4.9,5.174,1.60,,,53.88,"112,060",2.1,31.86,40.21,50.45,63.27,78.49,"66,280","83,640","104,940","131,600","163,270",,
38,North Dakota,2,ND,000000,Cross-industry,cross-industry,1235,15-1211,Computer Systems Analysts,detailed,180,12.3,0.420,0.13,,,49.20,"102,340",1.9,34.05,41.33,46.32,56.35,64.36,"70,820","85,960","96,350","117,220","133,880",,
39,Ohio,2,OH,000000,Cross-industry,cross-industry,1235,15-1211,Computer Systems Analysts,detailed,"15,490",6.3,2.802,0.87,,,49.37,"102,700",2.2,29.52,37.40,47.59,61.15,72.36,"61,400","77,790","98,990","127,180","150,520",,
40,Oklahoma,2,OK,000000,Cross-industry,cross-industry,1235,15-1211,Computer Systems Analysts,detailed,"3,100",9.3,1.835,0.57,,,50.42,"104,880",4.6,29.56,37.55,48.29,61.99,79.05,"61,480","78,110","100,450","128,930","164,420",,
41,Oregon,2,OR,000000,Cross-industry,cross-industry,1235,15-1211,Computer Systems Analysts,detailed,"5,030",6.9,2.558,0.79,,,58.11,"120,860",2.1,38.58,47.92,53.43,64.00,79.68,"80,250","99,670","111,140","133,120","165,740",,
42,Pennsylvania,2,PA,000000,Cross-industry,cross-industry,1235,15-1211,Computer Systems Analysts,detailed,"15,400",5.8,2.561,0.79,,,47.88,"99,590",1.6,29.31,37.09,46.85,59.00,67.61,"60,970","77,150","97,450","122,720","140,630",,
44,Rhode Island,2,RI,000000,Cross-industry,cross-industry,1235,15-1211,Computer Systems Analysts,detailed,"1,560",18.3,3.157,0.98,,,57.83,"120,290",1.8,36.12,44.19,54.32,65.35,81.14,"75,120","91,910","112,980","135,920","168,770",,
45,South Carolina,2,SC,000000,Cross-industry,cross-industry,1235,15-1211,Computer Systems Analysts,detailed,"7,290",6.7,3.210,0.99,,,47.40,"98,600",1.9,25.43,35.33,45.55,58.21,65.14,"52,890","73,490","94,740","121,090","135,490",,
46,South Dakota,2,SD,000000,Cross-industry,cross-industry,1235,15-1211,Computer Systems Analysts,detailed,"1,050",17.2,2.322,0.72,,,49.06,"102,040",4.0,32.57,37.77,46.08,56.32,73.81,"67,750","78,560","95,850","117,140","153,520",,
47,Tennessee,2,TN,000000,Cross-industry,cross-industry,1235,15-1211,Computer Systems Analysts,detailed,"9,820",6.9,3.000,0.93,,,43.25,"89,960",3.7,25.90,28.84,39.63,52.88,63.79,"53,870","59,990","82,430","109,990","132,690",,
48,Texas,2,TX,000000,Cross-industry,cross-industry,1235,15-1211,Computer Systems Analysts,detailed,"48,150",5.1,3.477,1.08,,,54.98,"114,350",1.5,31.92,39.50,50.47,65.04,79.90,"66,400","82,170","104,970","135,270","166,200",,
49,Utah,2,UT,000000,Cross-industry,cross-industry,1235,15-1211,Computer Systems Analysts,detailed,"2,810",6.1,1.641,0.51,,,46.34,"96,380",1.3,29.02,37.45,44.87,54.03,64.55,"60,360","77,900","93,330","112,380","134,260",,
50,Vermont,2,VT,000000,Cross-industry,cross-industry,1235,15-1211,Computer Systems Analysts,detailed,590,27.7,1.924,0.60,,,50.21,"104,440",3.9,34.24,39.15,47.45,57.46,61.83,"71,220","81,430","98,690","119,510","128,610",,
51,Virginia,2,VA,000000,Cross-industry,cross-industry,1235,15-1211,Computer Systems Analysts,detailed,"22,730",5.3,5.592,1.73,,,58.11,"120,880",2.1,34.52,42.95,54.57,71.47,88.08,"71,800","89,330","113,500","148,650","183,200",,
53,Washington,2,WA,000000,Cross-industry,cross-industry,1235,15-1211,Computer Systems Analysts,detailed,"18,230",6.5,5.149,1.59,,,64.29,"133,710",2.3,39.19,48.79,61.26,77.80,89.64,"81,520","101,470","127,420","161,820","186,450",,
54,West Virginia,2,WV,000000,Cross-industry,cross-industry,1235,15-1211,Computer Systems Analysts,detailed,"1,300",15.1,1.857,0.58,,,47.67,"99,150",3.5,28.26,37.60,47.62,58.73,66.86,"58,770","78,210","99,050","122,160","139,080",,
55,Wisconsin,2,WI,000000,Cross-industry,cross-industry,1235,15-1211,Computer Systems Analysts,detailed,"7,710",12.1,2.636,0.82,,,47.83,"99,490",1.5,30.91,38.06,47.50,56.72,62.58,"64,280","79,170","98,790","117,990","130,160",,
56,Wyoming,2,WY,000000,Cross-industry,cross-industry,1235,15-1211,Computer Systems Analysts,detailed,320,24.3,1.165,0.36,,,45.94,"95,560",7.8,21.72,35.47,42.69,51.71,68.87,"45,170","73,770","88,790","107,550","143,250",,
08,Colorado,2,CO,000000,Cross-industry,cross-industry,1235,15-1211,Computer Systems Analysts,detailed,"7,130",10.5,2.467,0.76,,,61.09,"127,060",2.2,38.00,47.71,59.62,72.83,83.92,"79,040","99,240","124,010","151,490","174,550",,
01,Alabama,2,AL,000000,Cross-industry,cross-industry,1235,15-1242,Database Administrators,detailed,"1,990",10.0,0.953,2.01,,,44.68,"92,930",1.9,27.22,34.70,42.58,54.76,63.54,"56,610","72,170","88,560","113,890","132,170",,
02,Alaska,2,AK,000000,Cross-industry,cross-industry,1235,15-1242,Database Administrators,detailed,90,11.0,0.268,0.56,,,46.44,"96,600",4.3,30.86,35.88,44.80,52.22,66.90,"64,180","74,630","93,180","108,620","139,160",,
04,Arizona,2,AZ,000000,Cross-industry,cross-industry,1235,15-1242,Database Administrators,detailed,"1,330",10.4,0.415,0.88,,,46.80,"97,340",1.9,24.64,34.75,46.31,56.91,70.30,"51,240","72,270","96,320","118,370","146,220",,
05,Arkansas,2,AR,000000,Cross-industry,cross-industry,1235,15-1242,Database Administrators,detailed,600,9.6,0.462,0.97,,,39.80,"82,780",4.0,18.34,23.81,38.32,48.97,69.91,"38,150","49,530","79,710","101,850","145,410",,
06,California,2,CA,000000,Cross-industry,cross-industry,1235,15-1242,Database Administrators,detailed,"8,360",6.0,0.463,0.98,,,57.24,"119,060",1.7,30.38,40.67,53.41,71.64,84.59,"63,190","84,590","111,090","149,010","175,950",,
09,Connecticut,2,CT,000000,Cross-industry,cross-industry,1235,15-1242,Database Administrators,detailed,770,5.9,0.457,0.96,,,49.71,"103,400",2.5,27.76,35.60,49.03,62.97,73.52,"57,740","74,040","101,990","130,970","152,920",,
10,Delaware,2,DE,000000,Cross-industry,cross-industry,1235,15-1242,Database Administrators,detailed,730,6.2,1.534,3.23,,,50.89,"105,850",2.4,30.44,38.23,48.19,62.68,77.98,"63,310","79,510","100,240","130,370","162,200",,
11,District of Columbia,2,DC,000000,Cross-industry,cross-industry,1235,15-1242,Database Administrators,detailed,550,16.9,0.774,1.63,,,57.92,"120,470",6.2,33.27,44.44,61.75,71.10,74.33,"69,200","92,440","128,440","147,890","154,610",,
12,Florida,2,FL,000000,Cross-industry,cross-industry,1235,15-1242,Database Administrators,detailed,"4,080",5.0,0.416,0.88,,,49.47,"102,900",2.2,24.70,31.39,47.07,63.52,76.37,"51,370","65,300","97,900","132,120","158,860",,
13,Georgia,2,GA,000000,Cross-industry,cross-industry,1235,15-1242,Database Administrators,detailed,"3,020",7.9,0.623,1.31,,,50.76,"105,590",2.8,23.43,37.00,51.01,64.37,73.31,"48,730","76,950","106,100","133,900","152,480",,
15,Hawaii,2,HI,000000,Cross-industry,cross-industry,1235,15-1242,Database Administrators,detailed,110,9.9,0.170,0.36,,,46.82,"97,380",3.4,27.51,36.97,44.91,60.09,64.31,"57,220","76,890","93,400","124,990","133,750",,
16,Idaho,2,ID,000000,Cross-industry,cross-industry,1235,15-1242,Database Administrators,detailed,160,8.6,0.185,0.39,,,42.52,"88,440",1.9,25.00,29.49,37.87,54.76,70.64,"52,000","61,340","78,780","113,900","146,920",,
17,Illinois,2,IL,000000,Cross-industry,cross-industry,1235,15-1242,Database Administrators,detailed,"2,290",7.2,0.378,0.80,,,51.80,"107,750",2.6,26.05,34.39,48.59,64.27,79.95,"54,190","71,530","101,070","133,680","166,300",,
18,Indiana,2,IN,000000,Cross-industry,cross-industry,1235,15-1242,Database Administrators,detailed,"1,180",6.0,0.372,0.78,,,41.10,"85,480",4.1,19.21,29.07,40.19,50.18,63.57,"39,970","60,460","83,600","104,370","132,220",,
19,Iowa,2,IA,000000,Cross-industry,cross-industry,1235,15-1242,Database Administrators,detailed,380,6.8,0.243,0.51,,,48.80,"101,500",3.1,27.34,36.09,46.96,60.57,74.08,"56,870","75,060","97,690","125,980","154,080",,
20,Kansas,2,KS,000000,Cross-industry,cross-industry,1235,15-1242,Database Administrators,detailed,560,18.0,0.392,0.83,,,56.85,"118,250",10.0,29.00,37.85,54.20,70.93,97.11,"60,320","78,720","112,740","147,530","201,980",,
21,Kentucky,2,KY,000000,Cross-industry,cross-industry,1235,15-1242,Database Administrators,detailed,770,13.9,0.388,0.82,,,41.58,"86,490",3.8,21.50,26.62,40.38,51.72,64.23,"44,710","55,370","83,980","107,570","133,590",,
22,Louisiana,2,LA,000000,Cross-industry,cross-industry,1235,15-1242,Database Administrators,detailed,240,16.9,0.127,0.27,,,42.90,"89,230",6.5,23.22,28.97,41.55,52.10,65.19,"48,290","60,250","86,420","108,360","135,600",,
23,Maine,2,ME,000000,Cross-industry,cross-industry,1235,15-1242,Database Administrators,detailed,230,9.1,0.368,0.78,,,39.53,"82,210",3.0,22.90,27.99,37.01,49.62,58.29,"47,630","58,220","76,980","103,220","121,230",,
24,Maryland,2,MD,000000,Cross-industry,cross-industry,1235,15-1242,Database Administrators,detailed,"2,640",14.8,0.963,2.03,,,59.82,"124,430",4.5,35.63,45.69,58.71,68.70,80.67,"74,110","95,040","122,110","142,890","167,780",,
25,Massachusetts,2,MA,000000,Cross-industry,cross-industry,1235,15-1242,Database Administrators,detailed,"1,940",5.3,0.532,1.12,,,53.89,"112,090",1.8,29.38,38.89,56.45,66.37,77.81,"61,110","80,900","117,420","138,040","161,840",,
26,Michigan,2,MI,000000,Cross-industry,cross-industry,1235,15-1242,Database Administrators,detailed,"1,190",7.9,0.270,0.57,,,46.95,"97,660",4.3,24.85,32.12,47.06,59.81,72.43,"51,680","66,800","97,880","124,400","150,650",,
27,Minnesota,2,MN,000000,Cross-industry,cross-industry,1235,15-1242,Database Administrators,detailed,970,7.5,0.331,0.70,,,48.56,"101,010",2.0,28.83,34.71,46.75,62.24,71.77,"59,970","72,190","97,230","129,470","149,280",,
28,Mississippi,2,MS,000000,Cross-industry,cross-industry,1235,15-1242,Database Administrators,detailed,230,9.2,0.200,0.42,,,40.78,"84,830",2.4,25.54,31.19,41.55,47.47,58.82,"53,110","64,870","86,420","98,740","122,350",,
29,Missouri,2,MO,000000,Cross-industry,cross-industry,1235,15-1242,Database Administrators,detailed,"1,400",10.3,0.478,1.01,,,45.67,"94,990",3.9,23.04,30.35,42.12,59.99,71.84,"47,910","63,130","87,600","124,770","149,420",,
30,Montana,2,MT,000000,Cross-industry,cross-industry,1235,15-1242,Database Administrators,detailed,240,10.7,0.480,1.01,,,39.94,"83,070",1.9,30.15,35.08,38.92,42.96,48.67,"62,700","72,960","80,960","89,360","101,230",,
31,Nebraska,2,NE,000000,Cross-industry,cross-industry,1235,15-1242,Database Administrators,detailed,540,8.2,0.535,1.13,,,46.19,"96,080",2.6,28.39,34.68,44.46,56.88,65.12,"59,050","72,140","92,470","118,320","135,450",,
32,Nevada,2,NV,000000,Cross-industry,cross-industry,1235,15-1242,Database Administrators,detailed,470,23.7,0.305,0.64,,,42.29,"87,960",12.8,18.63,23.55,41.82,55.70,65.76,"38,740","48,980","86,980","115,850","136,780",,
33,New Hampshire,2,NH,000000,Cross-industry,cross-industry,1235,15-1242,Database Administrators,detailed,230,24.9,0.340,0.72,,,52.50,"109,190",5.4,28.15,36.79,58.57,65.20,71.69,"58,550","76,510","121,820","135,610","149,120",,
34,New Jersey,2,NJ,000000,Cross-industry,cross-industry,1235,15-1242,Database Administrators,detailed,"2,060",8.2,0.485,1.02,,,60.90,"126,670",2.7,36.49,47.32,62.01,76.12,82.17,"75,890","98,430","128,970","158,320","170,910",,
35,New Mexico,2,NM,000000,Cross-industry,cross-industry,1235,15-1242,Database Administrators,detailed,520,7.3,0.609,1.28,,,45.42,"94,480",2.5,29.86,34.90,45.60,50.28,62.50,"62,100","72,600","94,850","104,590","130,010",,
36,New York,2,NY,000000,Cross-industry,cross-industry,1235,15-1242,Database Administrators,detailed,"3,680",6.7,0.385,0.81,,,54.36,"113,070",2.3,29.63,38.13,51.41,65.65,83.62,"61,630","79,310","106,940","136,550","173,930",,
37,North Carolina,2,NC,000000,Cross-industry,cross-industry,1235,15-1242,Database Administrators,detailed,"1,990",24.5,0.407,0.86,,,51.03,"106,140",10.1,28.19,36.02,52.13,63.12,73.14,"58,640","74,920","108,430","131,290","152,140",,
38,North Dakota,2,ND,000000,Cross-industry,cross-industry,1235,15-1242,Database Administrators,detailed,90,7.4,0.206,0.43,,,41.32,"85,950",3.1,25.12,28.58,36.73,48.29,63.35,"52,250","59,450","76,400","100,440","131,780",,
39,Ohio,2,OH,000000,Cross-industry,cross-industry,1235,15-1242,Database Administrators,detailed,"1,770",5.0,0.319,0.67,,,46.35,"96,400",2.4,24.81,35.58,45.20,59.54,67.32,"51,590","74,010","94,020","123,840","140,020",,
40,Oklahoma,2,OK,000000,Cross-industry,cross-industry,1235,15-1242,Database Administrators,detailed,660,8.4,0.391,0.82,,,42.03,"87,430",2.1,21.15,28.84,37.01,56.82,64.65,"43,990","59,990","76,980","118,180","134,470",,
41,Oregon,2,OR,000000,Cross-industry,cross-industry,1235,15-1242,Database Administrators,detailed,930,9.2,0.473,1.00,,,50.50,"105,050",2.5,27.99,37.92,49.35,62.66,70.13,"58,230","78,880","102,650","130,330","145,870",,
42,Pennsylvania,2,PA,000000,Cross-industry,cross-industry,1235,15-1242,Database Administrators,detailed,"5,000",48.7,0.831,1.75,,,50.53,"105,100",3.3,31.24,43.89,51.83,52.70,67.01,"64,980","91,280","107,800","109,610","139,370",,
44,Rhode Island,2,RI,000000,Cross-industry,cross-industry,1235,15-1242,Database Administrators,detailed,320,21.3,0.645,1.36,,,50.05,"104,100",10.4,29.59,33.76,49.91,61.81,75.91,"61,540","70,220","103,810","128,560","157,900",,
45,South Carolina,2,SC,000000,Cross-industry,cross-industry,1235,15-1242,Database Administrators,detailed,660,7.1,0.293,0.62,,,48.02,"99,890",2.9,26.86,34.59,44.55,60.66,74.85,"55,880","71,940","92,670","126,170","155,690",,
46,South Dakota,2,SD,000000,Cross-industry,cross-industry,1235,15-1242,Database Administrators,detailed,150,6.9,0.325,0.68,,,42.12,"87,610",1.8,25.94,36.24,41.30,49.46,53.42,"53,950","75,380","85,890","102,880","111,110",,
47,Tennessee,2,TN,000000,Cross-industry,cross-industry,1235,15-1242,Database Administrators,detailed,"1,440",9.1,0.438,0.92,,,48.39,"100,650",4.3,22.79,33.71,48.87,62.75,74.09,"47,390","70,120","101,640","130,520","154,110",,
48,Texas,2,TX,000000,Cross-industry,cross-industry,1235,15-1242,Database Administrators,detailed,"6,110",6.5,0.441,0.93,,,52.56,"109,330",2.0,24.99,37.94,52.88,65.27,77.14,"51,980","78,920","109,990","135,770","160,440",,
49,Utah,2,UT,000000,Cross-industry,cross-industry,1235,15-1242,Database Administrators,detailed,800,8.6,0.468,0.99,,,50.51,"105,050",2.9,29.80,34.06,47.06,66.17,76.62,"61,990","70,840","97,890","137,630","159,380",,
50,Vermont,2,VT,000000,Cross-industry,cross-industry,1235,15-1242,Database Administrators,detailed,120,19.3,0.407,0.86,,,48.07,"99,980",5.2,32.21,38.87,49.12,56.64,62.33,"66,990","80,850","102,170","117,800","129,650",,
51,Virginia,2,VA,000000,Cross-industry,cross-industry,1235,15-1242,Database Administrators,detailed,"4,210",7.2,1.035,2.18,,,54.71,"113,810",4.1,26.27,35.00,50.48,70.60,85.85,"54,640","72,810","105,000","146,850","178,560",,
53,Washington,2,WA,000000,Cross-industry,cross-industry,1235,15-1242,Database Administrators,detailed,"2,190",13.7,0.618,1.30,,,56.73,"118,000",3.1,31.72,41.27,55.14,71.27,80.27,"65,980","85,840","114,700","148,240","166,950",,
54,West Virginia,2,WV,000000,Cross-industry,cross-industry,1235,15-1242,Database Administrators,detailed,230,21.8,0.328,0.69,,,35.35,"73,530",4.9,24.28,26.63,31.43,39.76,54.56,"50,490","55,380","65,380","82,700","113,480",,
55,Wisconsin,2,WI,000000,Cross-industry,cross-industry,1235,15-1242,Database Administrators,detailed,"1,380",8.8,0.473,1.00,,,50.26,"104,550",3.3,29.64,36.98,47.56,60.97,77.00,"61,640","76,910","98,920","126,810","160,150",,
56,Wyoming,2,WY,000000,Cross-industry,cross-industry,1235,15-1242,Database Administrators,detailed,100,10.9,0.376,0.79,,,35.24,"73,300",4.3,18.94,26.15,33.65,42.90,54.49,"39,400","54,400","69,980","89,240","113,340",,
08,Colorado,2,CO,000000,Cross-industry,cross-industry,1235,15-1242,Database Administrators,detailed,"1,400",12.6,0.484,1.02,,,55.75,"115,970",4.1,30.10,38.86,57.67,68.39,79.52,"62,610","80,830","119,940","142,250","165,390",,
01,Alabama,2,AL,000000,Cross-industry,cross-industry,1235,15-1243,Database Architects,detailed,310,33.6,0.147,0.35,,,56.50,"117,510",3.5,35.78,42.89,53.52,64.70,83.89,"74,410","89,210","111,330","134,580","174,490",,
02,Alaska,2,AK,000000,Cross-industry,cross-industry,1235,15-1243,Database Architects,detailed,40,26.0,0.129,0.31,,,53.64,"111,570",6.8,31.86,38.81,54.71,60.71,84.04,"66,260","80,720","113,800","126,270","174,800",,
04,Arizona,2,AZ,000000,Cross-industry,cross-industry,1235,15-1243,Database Architects,detailed,850,6.0,0.267,0.64,,,64.94,"135,080",2.1,37.98,50.19,62.80,78.12,87.76,"79,010","104,390","130,620","162,490","182,540",,
05,Arkansas,2,AR,000000,Cross-industry,cross-industry,1235,15-1243,Database Architects,detailed,330,9.2,0.258,0.61,,,52.59,"109,380",2.4,30.97,39.66,48.56,61.48,78.91,"64,420","82,490","101,000","127,880","164,140",,
06,California,2,CA,000000,Cross-industry,cross-industry,1235,15-1243,Database Architects,detailed,"5,850",7.1,0.324,0.77,,,78.28,"162,820",4.5,42.83,60.09,76.51,90.51,108.82,"89,080","124,990","159,130","188,260","226,340",,
09,Connecticut,2,CT,000000,Cross-industry,cross-industry,1235,15-1243,Database Architects,detailed,700,7.0,0.414,0.99,,,71.11,"147,910",2.5,50.73,58.82,70.87,79.85,93.78,"105,510","122,340","147,400","166,090","195,060",,
10,Delaware,2,DE,000000,Cross-industry,cross-industry,1235,15-1243,Database Architects,detailed,**,**,**,**,,,72.14,"150,060",3.7,53.07,68.27,70.40,75.00,95.18,"110,380","142,000","146,430","156,000","197,970",,
11,District of Columbia,2,DC,000000,Cross-industry,cross-industry,1235,15-1243,Database Architects,detailed,800,18.9,1.123,2.67,,,76.22,"158,550",3.7,50.81,60.51,75.52,88.24,104.84,"105,680","125,860","157,080","183,530","218,080",,
12,Florida,2,FL,000000,Cross-industry,cross-industry,1235,15-1243,Database Architects,detailed,"2,040",8.7,0.208,0.49,,,66.48,"138,280",3.5,37.75,50.48,63.96,80.00,96.97,"78,520","105,000","133,040","166,410","201,700",,
13,Georgia,2,GA,000000,Cross-industry,cross-industry,1235,15-1243,Database Architects,detailed,"2,930",4.8,0.603,1.43,,,68.07,"141,590",0.9,45.96,60.11,65.04,81.44,87.44,"95,600","125,020","135,280","169,400","181,880",,
15,Hawaii,2,HI,000000,Cross-industry,cross-industry,1235,15-1243,Database Architects,detailed,70,23.1,0.106,0.25,,,72.21,"150,190",4.7,46.26,62.50,71.87,79.65,87.51,"96,210","130,010","149,500","165,670","182,010",,
16,Idaho,2,ID,000000,Cross-industry,cross-industry,1235,15-1243,Database Architects,detailed,350,23.4,0.416,0.99,,,62.61,"130,240",8.0,38.04,43.24,60.59,83.57,87.58,"79,130","89,950","126,030","173,830","182,170",,
17,Illinois,2,IL,000000,Cross-industry,cross-industry,1235,15-1243,Database Architects,detailed,"1,460",8.1,0.241,0.57,,,65.56,"136,370",2.5,39.59,50.17,64.66,78.19,90.66,"82,350","104,350","134,490","162,640","188,570",,
18,Indiana,2,IN,000000,Cross-industry,cross-industry,1235,15-1243,Database Architects,detailed,670,22.3,0.209,0.50,,,63.53,"132,150",3.8,39.74,52.35,64.01,75.62,79.58,"82,660","108,880","133,150","157,300","165,520",,
19,Iowa,2,IA,000000,Cross-industry,cross-industry,1235,15-1243,Database Architects,detailed,280,12.6,0.182,0.43,,,60.05,"124,910",4.6,39.93,50.98,63.16,69.09,79.34,"83,050","106,050","131,370","143,700","165,030",,
20,Kansas,2,KS,000000,Cross-industry,cross-industry,1235,15-1243,Database Architects,detailed,390,35.6,0.271,0.65,,,60.09,"124,980",13.2,39.56,49.15,62.05,64.82,76.91,"82,280","102,240","129,060","134,830","159,970",,
21,Kentucky,2,KY,000000,Cross-industry,cross-industry,1235,15-1243,Database Architects,detailed,510,11.9,0.254,0.61,,,53.08,"110,400",4.1,27.39,34.16,49.31,67.30,79.47,"56,960","71,050","102,560","139,990","165,290",,
22,Louisiana,2,LA,000000,Cross-industry,cross-industry,1235,15-1243,Database Architects,detailed,350,24.6,0.184,0.44,,,*,*,*,*,*,*,*,*,*,*,*,*,*,,
23,Maine,2,ME,000000,Cross-industry,cross-industry,1235,15-1243,Database Architects,detailed,250,31.5,0.389,0.93,,,64.52,"134,200",10.6,38.89,48.56,74.42,74.42,74.97,"80,900","101,010","154,790","154,790","155,930",,
24,Maryland,2,MD,000000,Cross-industry,cross-industry,1235,15-1243,Database Architects,detailed,"1,420",17.1,0.516,1.23,,,68.76,"143,020",7.1,38.62,52.47,67.65,83.26,95.36,"80,330","109,150","140,710","173,180","198,350",,
25,Massachusetts,2,MA,000000,Cross-industry,cross-industry,1235,15-1243,Database Architects,detailed,"1,720",12.9,0.471,1.12,,,77.40,"161,000",3.4,52.16,63.57,77.48,86.50,100.51,"108,500","132,230","161,160","179,910","209,050",,
26,Michigan,2,MI,000000,Cross-industry,cross-industry,1235,15-1243,Database Architects,detailed,"1,150",10.0,0.262,0.62,,,56.54,"117,600",3.6,34.09,44.59,58.08,68.69,80.35,"70,910","92,740","120,810","142,870","167,120",,
27,Minnesota,2,MN,000000,Cross-industry,cross-industry,1235,15-1243,Database Architects,detailed,910,7.9,0.312,0.74,,,61.41,"127,730",2.1,43.54,51.28,62.70,69.31,78.63,"90,560","106,650","130,420","144,160","163,540",,
28,Mississippi,2,MS,000000,Cross-industry,cross-industry,1235,15-1243,Database Architects,detailed,110,15.1,0.093,0.22,,,44.42,"92,400",2.4,22.93,35.24,43.74,54.16,64.11,"47,690","73,300","90,980","112,660","133,350",,
29,Missouri,2,MO,000000,Cross-industry,cross-industry,1235,15-1243,Database Architects,detailed,"1,840",10.4,0.629,1.50,,,54.20,"112,730",2.1,29.77,37.85,52.32,65.34,79.67,"61,920","78,720","108,820","135,910","165,710",,
30,Montana,2,MT,000000,Cross-industry,cross-industry,1235,15-1243,Database Architects,detailed,50,27.8,0.099,0.24,,,59.85,"124,500",9.3,36.95,39.20,55.89,79.61,87.70,"76,850","81,540","116,250","165,580","182,420",,
31,Nebraska,2,NE,000000,Cross-industry,cross-industry,1235,15-1243,Database Architects,detailed,590,10.9,0.584,1.39,,,62.38,"129,750",2.8,43.25,50.77,63.62,69.42,81.45,"89,970","105,600","132,320","144,390","169,420",,
32,Nevada,2,NV,000000,Cross-industry,cross-industry,1235,15-1243,Database Architects,detailed,320,14.0,0.211,0.50,,,59.62,"124,010",6.4,22.22,39.30,62.68,71.03,98.48,"46,210","81,740","130,360","147,740","204,840",,
34,New Jersey,2,NJ,000000,Cross-industry,cross-industry,1235,15-1243,Database Architects,detailed,"2,530",7.5,0.595,1.42,,,69.36,"144,260",2.1,42.57,49.90,69.18,80.90,100.17,"88,550","103,790","143,900","168,280","208,360",,
35,New Mexico,2,NM,000000,Cross-industry,cross-industry,1235,15-1243,Database Architects,detailed,130,24.8,0.148,0.35,,,56.55,"117,620",8.9,32.99,46.80,57.75,67.41,74.59,"68,620","97,340","120,120","140,210","155,140",,
36,New York,2,NY,000000,Cross-industry,cross-industry,1235,15-1243,Database Architects,detailed,"4,180",5.8,0.438,1.04,,,66.27,"137,840",2.0,37.94,48.12,61.67,81.91,98.96,"78,910","100,080","128,270","170,370","205,830",,
37,North Carolina,2,NC,000000,Cross-industry,cross-industry,1235,15-1243,Database Architects,detailed,"4,060",19.0,0.829,1.97,,,62.38,"129,750",2.3,37.70,49.69,62.77,73.49,82.45,"78,420","103,360","130,560","152,860","171,500",,
38,North Dakota,2,ND,000000,Cross-industry,cross-industry,1235,15-1243,Database Architects,detailed,50,7.9,0.111,0.26,,,54.24,"112,830",1.1,47.54,49.56,55.83,58.67,61.53,"98,870","103,080","116,120","122,040","127,980",,
39,Ohio,2,OH,000000,Cross-industry,cross-industry,1235,15-1243,Database Architects,detailed,"2,230",6.0,0.403,0.96,,,64.02,"133,170",2.3,41.38,51.37,62.42,73.68,83.56,"86,070","106,850","129,840","153,260","173,810",,
40,Oklahoma,2,OK,000000,Cross-industry,cross-industry,1235,15-1243,Database Architects,detailed,730,21.1,0.432,1.03,,,64.36,"133,880",8.6,33.95,44.47,63.64,86.56,86.59,"70,610","92,500","132,360","180,040","180,100",,
41,Oregon,2,OR,000000,Cross-industry,cross-industry,1235,15-1243,Database Architects,detailed,710,15.8,0.361,0.86,,,70.93,"147,530",3.9,47.04,57.16,67.14,84.55,93.93,"97,840","118,890","139,660","175,860","195,380",,
42,Pennsylvania,2,PA,000000,Cross-industry,cross-industry,1235,15-1243,Database Architects,detailed,"2,240",6.6,0.372,0.88,,,62.56,"130,130",2.2,35.70,49.87,62.04,75.11,85.57,"74,260","103,740","129,040","156,220","177,980",,
44,Rhode Island,2,RI,000000,Cross-industry,cross-industry,1235,15-1243,Database Architects,detailed,190,27.5,0.389,0.93,,,71.80,"149,350",10.2,47.49,59.99,65.63,88.50,106.00,"98,790","124,770","136,510","184,070","220,490",,
45,South Carolina,2,SC,000000,Cross-industry,cross-industry,1235,15-1243,Database Architects,detailed,730,9.0,0.322,0.77,,,61.70,"128,340",3.0,37.13,47.02,61.75,76.57,85.51,"77,230","97,800","128,440","159,270","177,860",,
46,South Dakota,2,SD,000000,Cross-industry,cross-industry,1235,15-1243,Database Architects,detailed,60,23.9,0.122,0.29,,,58.28,"121,220",2.9,46.93,50.96,61.28,64.62,67.68,"97,620","106,000","127,460","134,410","140,780",,
47,Tennessee,2,TN,000000,Cross-industry,cross-industry,1235,15-1243,Database Architects,detailed,680,14.3,0.208,0.50,,,60.50,"125,840",3.3,34.02,48.32,61.75,71.58,82.42,"70,770","100,510","128,440","148,890","171,430",,
48,Texas,2,TX,000000,Cross-industry,cross-industry,1235,15-1243,Database Architects,detailed,"6,330",8.5,0.457,1.09,,,65.83,"136,930",2.0,37.74,51.38,64.33,77.91,86.92,"78,500","106,880","133,800","162,060","180,800",,
49,Utah,2,UT,000000,Cross-industry,cross-industry,1235,15-1243,Database Architects,detailed,630,34.6,0.369,0.88,,,64.65,"134,470",6.6,42.69,48.42,61.43,76.41,91.34,"88,780","100,710","127,770","158,930","189,990",,
50,Vermont,2,VT,000000,Cross-industry,cross-industry,1235,15-1243,Database Architects,detailed,50,26.8,0.150,0.36,,,*,*,*,*,*,*,*,*,*,*,*,*,*,,
51,Virginia,2,VA,000000,Cross-industry,cross-industry,1235,15-1243,Database Architects,detailed,"7,140",10.0,1.755,4.18,,,*,*,*,*,*,*,*,*,*,*,*,*,*,,
53,Washington,2,WA,000000,Cross-industry,cross-industry,1235,15-1243,Database Architects,detailed,"2,490",39.5,0.702,1.67,,,70.93,"147,540",7.2,43.55,55.68,69.26,83.16,98.96,"90,580","115,820","144,050","172,970","205,830",,
54,West Virginia,2,WV,000000,Cross-industry,cross-industry,1235,15-1243,Database Architects,detailed,270,11.2,0.388,0.92,,,63.79,"132,690",4.3,30.42,44.33,75.77,77.28,87.48,"63,270","92,210","157,590","160,740","181,960",,
55,Wisconsin,2,WI,000000,Cross-industry,cross-industry,1235,15-1243,Database Architects,detailed,360,8.4,0.123,0.29,,,67.68,"140,770",1.2,48.67,59.82,66.79,76.89,85.44,"101,240","124,420","138,930","159,930","177,720",,
56,Wyoming,2,WY,000000,Cross-industry,cross-industry,1235,15-1243,Database Architects,detailed,130,21.4,0.450,1.07,,,33.12,"68,880",28.1,25.40,27.39,30.17,34.01,37.21,"52,830","56,970","62,760","70,730","77,390",,
08,Colorado,2,CO,000000,Cross-industry,cross-industry,1235,15-1243,Database Architects,detailed,"2,140",17.9,0.740,1.76,,,73.53,"152,940",2.9,46.74,60.33,72.82,86.01,107.64,"97,210","125,490","151,460","178,900","223,890",,
01,Alabama,2,AL,000000,Cross-industry,cross-industry,1235,15-2041,Statisticians,detailed,200,11.9,0.095,0.49,,,36.96,"76,870",1.7,23.68,27.68,32.45,42.06,53.90,"49,260","57,580","67,490","87,480","112,120",,
02,Alaska,2,AK,000000,Cross-industry,cross-industry,1235,15-2041,Statisticians,detailed,60,6.0,0.178,0.92,,,43.51,"90,500",1.1,17.57,30.96,40.28,57.48,69.26,"36,550","64,400","83,780","119,570","144,060",,
04,Arizona,2,AZ,000000,Cross-industry,cross-industry,1235,15-2041,Statisticians,detailed,360,26.7,0.112,0.58,,,49.08,"102,090",5.9,25.49,32.54,43.91,61.02,74.45,"53,020","67,690","91,320","126,930","154,850",,
06,California,2,CA,000000,Cross-industry,cross-industry,1235,15-2041,Statisticians,detailed,"2,810",7.0,0.155,0.80,,,62.76,"130,530",1.5,28.91,44.49,61.32,79.70,94.64,"60,130","92,540","127,550","165,770","196,850",,
09,Connecticut,2,CT,000000,Cross-industry,cross-industry,1235,15-2041,Statisticians,detailed,320,14.3,0.189,0.98,,,48.48,"100,840",5.2,28.85,38.68,46.00,56.72,69.69,"60,010","80,450","95,680","117,970","144,950",,
10,Delaware,2,DE,000000,Cross-industry,cross-industry,1235,15-2041,Statisticians,detailed,90,7.8,0.189,0.98,,,59.73,"124,240",1.4,35.56,46.94,60.88,74.84,89.40,"73,960","97,640","126,640","155,660","185,940",,
11,District of Columbia,2,DC,000000,Cross-industry,cross-industry,1235,15-2041,Statisticians,detailed,610,4.8,0.859,4.44,,,63.74,"132,570",1.0,37.27,51.53,64.27,75.95,84.88,"77,520","107,180","133,680","157,980","176,550",,
12,Florida,2,FL,000000,Cross-industry,cross-industry,1235,15-2041,Statisticians,detailed,620,11.6,0.063,0.32,,,56.18,"116,860",6.1,22.35,33.14,50.08,72.49,100.22,"46,490","68,920","104,160","150,790","208,450",,
13,Georgia,2,GA,000000,Cross-industry,cross-industry,1235,15-2041,Statisticians,detailed,550,7.3,0.114,0.59,,,54.96,"114,320",1.1,34.25,44.18,52.06,66.54,76.57,"71,230","91,890","108,280","138,400","159,270",,
15,Hawaii,2,HI,000000,Cross-industry,cross-industry,1235,15-2041,Statisticians,detailed,90,2.1,0.143,0.74,,,40.50,"84,230",0.7,28.16,30.47,36.93,45.80,60.42,"58,570","63,370","76,810","95,260","125,670",,
17,Illinois,2,IL,000000,Cross-industry,cross-industry,1235,15-2041,Statisticians,detailed,490,20.6,0.082,0.42,,,58.36,"121,380",2.9,38.93,47.30,56.18,69.95,80.88,"80,970","98,390","116,860","145,500","168,230",,
18,Indiana,2,IN,000000,Cross-industry,cross-industry,1235,15-2041,Statisticians,detailed,240,7.4,0.075,0.39,,,52.91,"110,060",2.6,20.40,35.78,54.34,67.54,80.72,"42,430","74,420","113,030","140,490","167,900",,
19,Iowa,2,IA,000000,Cross-industry,cross-industry,1235,15-2041,Statisticians,detailed,280,18.8,0.176,0.91,,,43.40,"90,270",12.8,20.35,23.67,41.42,57.42,73.03,"42,330","49,240","86,160","119,440","151,890",,
20,Kansas,2,KS,000000,Cross-industry,cross-industry,1235,15-2041,Statisticians,detailed,50,17.8,0.036,0.19,,,49.01,"101,930",5.2,34.73,39.97,44.87,59.65,69.61,"72,230","83,150","93,330","124,080","144,790",,
21,Kentucky,2,KY,000000,Cross-industry,cross-industry,1235,15-2041,Statisticians,detailed,90,6.3,0.045,0.23,,,51.52,"107,160",1.8,28.85,39.42,49.71,64.61,72.45,"60,010","81,990","103,400","134,390","150,700",,
22,Louisiana,2,LA,000000,Cross-industry,cross-industry,1235,15-2041,Statisticians,detailed,60,2.2,0.030,0.16,,,37.65,"78,310",0.6,22.61,26.88,34.88,46.90,59.66,"47,020","55,910","72,550","97,550","124,090",,
23,Maine,2,ME,000000,Cross-industry,cross-industry,1235,15-2041,Statisticians,detailed,60,10.7,0.089,0.46,,,41.15,"85,590",1.7,23.54,31.80,32.03,55.97,67.40,"48,960","66,140","66,620","116,420","140,180",,
24,Maryland,2,MD,000000,Cross-industry,cross-industry,1235,15-2041,Statisticians,detailed,"3,070",2.8,1.118,5.78,,,61.41,"127,740",0.6,39.03,50.87,61.99,73.71,80.42,"81,170","105,810","128,940","153,320","167,270",,
25,Massachusetts,2,MA,000000,Cross-industry,cross-industry,1235,15-2041,Statisticians,detailed,"1,990",27.0,0.548,2.83,,,52.33,"108,850",3.7,30.57,39.94,47.71,61.67,80.67,"63,590","83,060","99,230","128,270","167,790",,
26,Michigan,2,MI,000000,Cross-industry,cross-industry,1235,15-2041,Statisticians,detailed,590,12.4,0.134,0.69,,,50.16,"104,340",4.3,30.87,37.73,46.53,58.64,71.27,"64,210","78,470","96,780","121,970","148,240",,
27,Minnesota,2,MN,000000,Cross-industry,cross-industry,1235,15-2041,Statisticians,detailed,"1,010",6.1,0.344,1.78,,,43.66,"90,810",3.2,28.67,28.67,38.53,58.62,66.33,"59,630","59,630","80,140","121,930","137,960",,
28,Mississippi,2,MS,000000,Cross-industry,cross-industry,1235,15-2041,Statisticians,detailed,70,5.9,0.062,0.32,,,31.70,"65,930",0.7,21.30,23.95,28.84,35.57,47.76,"44,300","49,820","59,980","73,990","99,350",,
29,Missouri,2,MO,000000,Cross-industry,cross-industry,1235,15-2041,Statisticians,detailed,550,3.1,0.187,0.97,,,36.58,"76,080",1.8,21.05,25.97,30.99,45.29,60.59,"43,780","54,020","64,460","94,200","126,030",,
30,Montana,2,MT,000000,Cross-industry,cross-industry,1235,15-2041,Statisticians,detailed,50,27.6,0.104,0.54,,,41.62,"86,570",4.1,29.95,36.94,38.03,49.71,58.00,"62,300","76,830","79,100","103,400","120,640",,
31,Nebraska,2,NE,000000,Cross-industry,cross-industry,1235,15-2041,Statisticians,detailed,170,5.8,0.163,0.84,,,41.38,"86,080",2.4,25.50,31.47,39.79,50.16,61.19,"53,050","65,460","82,770","104,330","127,280",,
32,Nevada,2,NV,000000,Cross-industry,cross-industry,1235,15-2041,Statisticians,detailed,60,11.3,0.039,0.20,,,41.17,"85,630",2.6,24.46,31.18,34.25,54.42,61.04,"50,880","64,850","71,250","113,180","126,960",,
33,New Hampshire,2,NH,000000,Cross-industry,cross-industry,1235,15-2041,Statisticians,detailed,50,23.3,0.068,0.35,,,59.27,"123,280",6.3,33.47,45.42,61.48,73.55,74.60,"69,620","94,470","127,870","152,990","155,180",,
34,New Jersey,2,NJ,000000,Cross-industry,cross-industry,1235,15-2041,Statisticians,detailed,550,34.7,0.129,0.67,,,55.14,"114,700",12.2,35.19,36.03,47.84,73.24,82.93,"73,200","74,940","99,510","152,340","172,500",,
35,New Mexico,2,NM,000000,Cross-industry,cross-industry,1235,15-2041,Statisticians,detailed,360,38.3,0.413,2.14,,,36.99,"76,930",8.2,24.04,25.44,41.50,41.50,44.59,"49,990","52,920","86,310","86,310","92,750",,
36,New York,2,NY,000000,Cross-industry,cross-industry,1235,15-2041,Statisticians,detailed,"1,490",31.9,0.156,0.81,,,70.90,"147,470",11.5,36.11,47.84,72.23,82.07,106.36,"75,110","99,510","150,240","170,710","221,230",,
37,North Carolina,2,NC,000000,Cross-industry,cross-industry,1235,15-2041,Statisticians,detailed,"1,430",8.3,0.291,1.51,,,61.67,"128,280",2.3,37.03,45.96,58.96,76.24,95.18,"77,030","95,590","122,630","158,570","197,970",,
38,North Dakota,2,ND,000000,Cross-industry,cross-industry,1235,15-2041,Statisticians,detailed,40,2.5,0.095,0.49,,,39.22,"81,580",0.7,26.01,31.06,37.89,43.80,53.03,"54,100","64,610","78,800","91,110","110,300",,
39,Ohio,2,OH,000000,Cross-industry,cross-industry,1235,15-2041,Statisticians,detailed,360,6.2,0.065,0.33,,,43.80,"91,090",3.1,25.18,32.40,40.45,52.63,67.32,"52,380","67,380","84,130","109,470","140,030",,
40,Oklahoma,2,OK,000000,Cross-industry,cross-industry,1235,15-2041,Statisticians,detailed,40,13.7,0.023,0.12,,,45.44,"94,520",3.7,30.06,32.72,39.03,54.34,70.50,"62,520","68,050","81,180","113,030","146,640",,
41,Oregon,2,OR,000000,Cross-industry,cross-industry,1235,15-2041,Statisticians,detailed,610,9.0,0.309,1.60,,,45.63,"94,920",4.5,27.98,35.45,45.01,54.50,63.52,"58,200","73,740","93,620","113,350","132,120",,
42,Pennsylvania,2,PA,000000,Cross-industry,cross-industry,1235,15-2041,Statisticians,detailed,"2,190",6.9,0.364,1.88,,,47.61,"99,020",3.6,28.60,29.64,40.22,62.19,77.85,"59,490","61,650","83,660","129,350","161,920",,
44,Rhode Island,2,RI,000000,Cross-industry,cross-industry,1235,15-2041,Statisticians,detailed,50,13.1,0.092,0.48,,,44.06,"91,650",1.6,36.50,39.30,44.08,48.60,52.66,"75,920","81,750","91,680","101,090","109,540",,
45,South Carolina,2,SC,000000,Cross-industry,cross-industry,1235,15-2041,Statisticians,detailed,310,3.9,0.137,0.71,,,33.73,"70,160",1.9,15.27,18.62,31.66,47.38,57.19,"31,750","38,730","65,850","98,550","118,960",,
47,Tennessee,2,TN,000000,Cross-industry,cross-industry,1235,15-2041,Statisticians,detailed,800,5.5,0.243,1.26,,,44.45,"92,460",2.0,27.09,32.88,42.67,51.15,63.73,"56,350","68,390","88,760","106,400","132,550",,
48,Texas,2,TX,000000,Cross-industry,cross-industry,1235,15-2041,Statisticians,detailed,"1,210",7.3,0.088,0.45,,,53.32,"110,910",2.3,30.18,39.00,50.19,64.35,78.02,"62,760","81,110","104,380","133,850","162,280",,
49,Utah,2,UT,000000,Cross-industry,cross-industry,1235,15-2041,Statisticians,detailed,**,**,**,**,,,46.19,"96,070",6.3,32.33,33.89,42.34,52.18,72.24,"67,240","70,490","88,060","108,540","150,270",,
50,Vermont,2,VT,000000,Cross-industry,cross-industry,1235,15-2041,Statisticians,detailed,120,1.1,0.392,2.03,,,38.20,"79,450",0.9,27.66,31.80,35.25,41.32,48.56,"57,530","66,140","73,320","85,950","101,000",,
51,Virginia,2,VA,000000,Cross-industry,cross-industry,1235,15-2041,Statisticians,detailed,800,33.1,0.197,1.02,,,53.73,"111,760",4.6,28.82,38.27,48.99,68.05,83.24,"59,940","79,610","101,900","141,540","173,140",,
53,Washington,2,WA,000000,Cross-industry,cross-industry,1235,15-2041,Statisticians,detailed,"2,520",19.7,0.711,3.68,,,53.85,"112,000",3.4,38.53,44.10,48.99,62.61,74.53,"80,150","91,730","101,890","130,230","155,020",,
54,West Virginia,2,WV,000000,Cross-industry,cross-industry,1235,15-2041,Statisticians,detailed,90,28.5,0.128,0.66,,,40.60,"84,450",6.2,21.33,24.58,38.74,48.77,66.58,"44,370","51,120","80,580","101,440","138,490",,
55,Wisconsin,2,WI,000000,Cross-industry,cross-industry,1235,15-2041,Statisticians,detailed,250,21.6,0.087,0.45,,,46.25,"96,200",2.9,34.03,38.76,42.74,50.21,59.93,"70,780","80,620","88,910","104,430","124,660",,
08,Colorado,2,CO,000000,Cross-industry,cross-industry,1235,15-2041,Statisticians,detailed,920,11.1,0.318,1.65,,,50.53,"105,110",3.5,29.64,36.59,46.78,62.75,74.49,"61,650","76,110","97,310","130,520","154,930",,
01,Alabama,2,AL,000000,Cross-industry,cross-industry,1235,15-2051,Data Scientists,detailed,"1,620",18.8,0.773,0.51,,,49.51,"102,970",4.0,29.72,36.63,50.68,61.66,71.14,"61,810","76,180","105,410","128,250","147,980",,
02,Alaska,2,AK,000000,Cross-industry,cross-industry,1235,15-2051,Data Scientists,detailed,210,9.9,0.651,0.43,,,42.64,"88,690",3.7,22.92,26.94,37.21,56.00,64.98,"47,670","56,020","77,400","116,470","135,160",,
04,Arizona,2,AZ,000000,Cross-industry,cross-industry,1235,15-2051,Data Scientists,detailed,"4,080",14.1,1.275,0.84,,,54.07,"112,460",2.8,32.17,39.02,51.00,64.67,79.39,"66,910","81,170","106,080","134,510","165,120",,
05,Arkansas,2,AR,000000,Cross-industry,cross-industry,1235,15-2051,Data Scientists,detailed,470,30.0,0.366,0.24,,,50.27,"104,560",6.0,27.80,39.60,50.15,60.28,78.90,"57,830","82,370","104,320","125,390","164,120",,
06,California,2,CA,000000,Cross-industry,cross-industry,1235,15-2051,Data Scientists,detailed,"36,850",3.2,2.041,1.35,,,74.74,"155,450",3.2,35.29,47.34,65.77,85.33,106.29,"73,390","98,460","136,800","177,480","221,080",,
09,Connecticut,2,CT,000000,Cross-industry,cross-industry,1235,15-2051,Data Scientists,detailed,"1,630",9.9,0.972,0.64,,,57.82,"120,270",2.2,31.36,45.75,52.87,67.66,86.97,"65,220","95,160","109,960","140,740","180,890",,
10,Delaware,2,DE,000000,Cross-industry,cross-industry,1235,15-2051,Data Scientists,detailed,540,8.5,1.129,0.75,,,*,*,*,*,*,*,*,*,*,*,*,*,*,,
11,District of Columbia,2,DC,000000,Cross-industry,cross-industry,1235,15-2051,Data Scientists,detailed,"3,580",13.4,5.047,3.33,,,71.24,"148,170",5.1,39.52,49.25,65.92,100.29,100.29,"82,210","102,440","137,120","208,600","208,600",,
12,Florida,2,FL,000000,Cross-industry,cross-industry,1235,15-2051,Data Scientists,detailed,"9,480",6.4,0.965,0.64,,,56.57,"117,670",2.6,28.58,38.29,50.88,65.16,93.04,"59,440","79,650","105,820","135,530","193,530",,
13,Georgia,2,GA,000000,Cross-industry,cross-industry,1235,15-2051,Data Scientists,detailed,"7,730",4.5,1.591,1.05,,,53.38,"111,020",1.2,30.44,38.90,49.34,64.15,79.80,"63,320","80,920","102,630","133,430","165,980",,
15,Hawaii,2,HI,000000,Cross-industry,cross-industry,1235,15-2051,Data Scientists,detailed,240,16.2,0.383,0.25,,,59.87,"124,530",6.1,40.00,42.95,59.56,75.26,82.76,"83,200","89,340","123,880","156,540","172,150",,
16,Idaho,2,ID,000000,Cross-industry,cross-industry,1235,15-2051,Data Scientists,detailed,980,10.2,1.157,0.76,,,57.89,"120,410",5.5,32.47,37.96,52.57,70.03,94.74,"67,550","78,960","109,340","145,670","197,050",,
17,Illinois,2,IL,000000,Cross-industry,cross-industry,1235,15-2051,Data Scientists,detailed,"7,390",6.4,1.218,0.80,,,57.22,"119,010",1.4,31.45,39.43,54.56,70.74,82.80,"65,420","82,010","113,490","147,130","172,220",,
18,Indiana,2,IN,000000,Cross-industry,cross-industry,1235,15-2051,Data Scientists,detailed,"3,120",6.1,0.979,0.65,,,44.53,"92,620",3.8,24.93,32.12,40.41,53.26,64.71,"51,860","66,800","84,050","110,770","134,600",,
19,Iowa,2,IA,000000,Cross-industry,cross-industry,1235,15-2051,Data Scientists,detailed,"2,330",5.2,1.490,0.98,,,46.78,"97,300",2.2,26.58,33.13,47.10,60.73,67.61,"55,290","68,910","97,980","126,310","140,620",,
20,Kansas,2,KS,000000,Cross-industry,cross-industry,1235,15-2051,Data Scientists,detailed,340,19.1,0.237,0.16,,,51.59,"107,300",8.5,22.09,39.96,53.04,63.52,71.56,"45,940","83,120","110,320","132,130","148,850",,
21,Kentucky,2,KY,000000,Cross-industry,cross-industry,1235,15-2051,Data Scientists,detailed,"1,700",12.4,0.852,0.56,,,48.28,"100,410",4.2,27.95,35.63,44.95,59.21,77.15,"58,130","74,110","93,490","123,150","160,460",,
22,Louisiana,2,LA,000000,Cross-industry,cross-industry,1235,15-2051,Data Scientists,detailed,"1,120",9.5,0.585,0.39,,,34.49,"71,740",3.1,24.00,26.96,33.91,38.91,44.84,"49,920","56,070","70,530","80,940","93,260",,
23,Maine,2,ME,000000,Cross-industry,cross-industry,1235,15-2051,Data Scientists,detailed,"1,040",15.0,1.641,1.08,,,48.99,"101,890",5.8,27.94,36.55,45.36,61.17,68.44,"58,120","76,020","94,350","127,230","142,350",,
24,Maryland,2,MD,000000,Cross-industry,cross-industry,1235,15-2051,Data Scientists,detailed,"3,400",10.3,1.239,0.82,,,65.08,"135,370",5.0,37.13,47.04,59.78,77.39,95.68,"77,230","97,850","124,340","160,980","199,020",,
25,Massachusetts,2,MA,000000,Cross-industry,cross-industry,1235,15-2051,Data Scientists,detailed,"9,990",7.5,2.743,1.81,,,67.15,"139,670",1.9,38.82,49.58,63.58,80.63,96.53,"80,740","103,130","132,250","167,710","200,770",,
26,Michigan,2,MI,000000,Cross-industry,cross-industry,1235,15-2051,Data Scientists,detailed,"6,450",4.1,1.470,0.97,,,49.05,"102,030",1.9,28.78,37.70,47.82,59.65,70.25,"59,860","78,410","99,470","124,070","146,120",,
27,Minnesota,2,MN,000000,Cross-industry,cross-industry,1235,15-2051,Data Scientists,detailed,"3,500",7.2,1.199,0.79,,,56.79,"118,110",3.2,28.34,40.87,56.65,69.33,82.34,"58,940","85,000","117,840","144,200","171,260",,
28,Mississippi,2,MS,000000,Cross-industry,cross-industry,1235,15-2051,Data Scientists,detailed,270,9.6,0.232,0.15,,,37.42,"77,830",3.5,20.65,25.95,33.38,46.71,53.85,"42,950","53,980","69,430","97,150","112,010",,
29,Missouri,2,MO,000000,Cross-industry,cross-industry,1235,15-2051,Data Scientists,detailed,"4,350",13.9,1.491,0.99,,,45.82,"95,310",3.8,24.87,29.77,41.14,59.22,73.38,"51,720","61,910","85,570","123,180","152,630",,
30,Montana,2,MT,000000,Cross-industry,cross-industry,1235,15-2051,Data Scientists,detailed,200,18.5,0.394,0.26,,,53.60,"111,490",5.2,36.36,43.72,51.37,55.11,78.11,"75,620","90,930","106,860","114,620","162,470",,
31,Nebraska,2,NE,000000,Cross-industry,cross-industry,1235,15-2051,Data Scientists,detailed,"1,850",9.5,1.817,1.20,,,46.98,"97,720",0.9,32.34,39.14,46.38,52.38,62.82,"67,270","81,400","96,470","108,940","130,670",,
32,Nevada,2,NV,000000,Cross-industry,cross-industry,1235,15-2051,Data Scientists,detailed,"1,230",8.1,0.802,0.53,,,47.51,"98,820",2.9,25.80,32.46,44.86,58.75,72.01,"53,670","67,520","93,310","122,200","149,780",,
33,New Hampshire,2,NH,000000,Cross-industry,cross-industry,1235,15-2051,Data Scientists,detailed,870,9.0,1.278,0.84,,,49.15,"102,230",2.2,30.97,37.76,47.58,59.87,70.07,"64,410","78,550","98,970","124,520","145,740",,
34,New Jersey,2,NJ,000000,Cross-industry,cross-industry,1235,15-2051,Data Scientists,detailed,"5,860",7.5,1.379,0.91,,,63.36,"131,800",2.1,35.95,47.22,62.68,77.80,88.71,"74,780","98,220","130,370","161,830","184,520",,
35,New Mexico,2,NM,000000,Cross-industry,cross-industry,1235,15-2051,Data Scientists,detailed,510,16.6,0.589,0.39,,,41.60,"86,520",4.2,21.56,29.96,40.88,50.14,60.21,"44,840","62,310","85,040","104,290","125,230",,
36,New York,2,NY,000000,Cross-industry,cross-industry,1235,15-2051,Data Scientists,detailed,"20,070",4.3,2.103,1.39,,,64.16,"133,450",2.7,31.32,40.29,60.29,80.71,101.86,"65,150","83,800","125,400","167,880","211,860",,
37,North Carolina,2,NC,000000,Cross-industry,cross-industry,1235,15-2051,Data Scientists,detailed,"10,140",7.9,2.071,1.37,,,56.74,"118,020",4.0,28.00,38.58,55.47,70.60,83.26,"58,240","80,240","115,380","146,850","173,170",,
38,North Dakota,2,ND,000000,Cross-industry,cross-industry,1235,15-2051,Data Scientists,detailed,320,20.4,0.747,0.49,,,45.25,"94,130",5.6,27.91,35.91,46.26,57.82,59.29,"58,050","74,690","96,230","120,270","123,310",,
39,Ohio,2,OH,000000,Cross-industry,cross-industry,1235,15-2051,Data Scientists,detailed,"5,510",3.8,0.996,0.66,,,48.20,"100,260",2.2,25.73,34.45,47.41,60.80,73.11,"53,510","71,660","98,620","126,470","152,070",,
40,Oklahoma,2,OK,000000,Cross-industry,cross-industry,1235,15-2051,Data Scientists,detailed,"2,160",8.4,1.276,0.84,,,43.24,"89,940",3.8,26.41,31.97,38.64,51.69,70.28,"54,930","66,500","80,380","107,520","146,190",,
41,Oregon,2,OR,000000,Cross-industry,cross-industry,1235,15-2051,Data Scientists,detailed,"2,650",15.5,1.349,0.89,,,59.65,"124,060",3.6,33.93,45.24,51.01,74.15,92.38,"70,570","94,100","106,100","154,240","192,150",,
42,Pennsylvania,2,PA,000000,Cross-industry,cross-industry,1235,15-2051,Data Scientists,detailed,"10,430",5.0,1.734,1.15,,,51.66,"107,450",1.2,29.42,36.64,48.23,62.30,79.50,"61,190","76,220","100,320","129,590","165,360",,
44,Rhode Island,2,RI,000000,Cross-industry,cross-industry,1235,15-2051,Data Scientists,detailed,"1,190",14.9,2.412,1.59,,,57.41,"119,400",4.7,33.65,42.36,54.99,68.61,87.24,"69,990","88,100","114,390","142,710","181,460",,
45,South Carolina,2,SC,000000,Cross-industry,cross-industry,1235,15-2051,Data Scientists,detailed,"2,810",15.3,1.239,0.82,,,46.62,"96,970",4.8,27.42,35.12,43.59,52.22,72.37,"57,030","73,050","90,660","108,610","150,520",,
46,South Dakota,2,SD,000000,Cross-industry,cross-industry,1235,15-2051,Data Scientists,detailed,270,12.7,0.586,0.39,,,44.45,"92,460",1.8,29.92,37.79,44.23,52.86,56.67,"62,240","78,590","92,000","109,940","117,880",,
47,Tennessee,2,TN,000000,Cross-industry,cross-industry,1235,15-2051,Data Scientists,detailed,"2,550",9.1,0.778,0.51,,,55.21,"114,830",4.5,29.79,39.45,50.34,66.29,91.35,"61,960","82,060","104,700","137,880","190,000",,
48,Texas,2,TX,000000,Cross-industry,cross-industry,1235,15-2051,Data Scientists,detailed,"23,420",4.9,1.691,1.12,,,55.19,"114,800",1.4,29.44,39.01,51.22,66.15,81.40,"61,230","81,140","106,540","137,590","169,310",,
49,Utah,2,UT,000000,Cross-industry,cross-industry,1235,15-2051,Data Scientists,detailed,"4,830",8.0,2.827,1.87,,,57.52,"119,640",3.4,27.75,37.90,55.97,81.73,83.35,"57,720","78,840","116,420","170,000","173,370",,
50,Vermont,2,VT,000000,Cross-industry,cross-industry,1235,15-2051,Data Scientists,detailed,210,37.3,0.698,0.46,,,57.51,"119,630",4.3,35.70,39.95,58.01,69.97,75.85,"74,260","83,090","120,670","145,530","157,760",,
51,Virginia,2,VA,000000,Cross-industry,cross-industry,1235,15-2051,Data Scientists,detailed,"6,200",3.8,1.525,1.01,,,63.57,"132,230",1.3,37.78,45.49,60.61,79.51,94.92,"78,570","94,630","126,070","165,370","197,430",,
53,Washington,2,WA,000000,Cross-industry,cross-industry,1235,15-2051,Data Scientists,detailed,"7,930",10.2,2.240,1.48,,,78.24,"162,730",4.1,44.56,52.18,76.33,95.97,109.02,"92,680","108,530","158,760","199,620","226,760",,
54,West Virginia,2,WV,000000,Cross-industry,cross-industry,1235,15-2051,Data Scientists,detailed,220,12.4,0.320,0.21,,,49.41,"102,770",6.0,23.56,34.73,46.04,57.13,79.64,"49,000","72,250","95,760","118,820","165,660",,
55,Wisconsin,2,WI,000000,Cross-industry,cross-industry,1235,15-2051,Data Scientists,detailed,"3,640",5.2,1.243,0.82,,,50.74,"105,540",1.3,35.53,39.54,48.09,60.08,71.24,"73,900","82,230","100,020","124,960","148,180",,
56,Wyoming,2,WY,000000,Cross-industry,cross-industry,1235,15-2051,Data Scientists,detailed,**,**,**,**,,,41.10,"85,480",15.4,23.65,23.65,46.08,46.81,62.44,"49,190","49,190","95,840","97,370","129,880",,
08,Colorado,2,CO,000000,Cross-industry,cross-industry,1235,15-2051,Data Scientists,detailed,"6,750",7.0,2.334,1.54,,,56.85,"118,250",3.1,32.37,41.62,51.20,63.89,82.70,"67,330","86,560","106,500","132,890","172,010",,
